<?xml version="1.0" encoding="UTF-8"?>
<beans xmlns="http://www.springframework.org/schema/beans"
	xmlns:xsi="http://www.w3.org/2001/XMLSchema-instance" xmlns:context="http://www.springframework.org/schema/context"
	xmlns:mvc="http://www.springframework.org/schema/mvc" xmlns:dwr="http://www.directwebremoting.org/schema/spring-dwr"
	xsi:schemaLocation="http://www.springframework.org/schema/beans http://www.springframework.org/schema/beans/spring-beans-3.2.xsd
       http://www.springframework.org/schema/context http://www.springframework.org/schema/context/spring-context-3.2.xsd
       http://www.springframework.org/schema/mvc http://www.springframework.org/schema/mvc/spring-mvc-3.2.xsd
       http://www.directwebremoting.org/schema/spring-dwr      
       http://www.directwebremoting.org/schema/spring-dwr-3.0.xsd"
	default-lazy-init="true">

    <!-- 注解探测器 ， 在JUnit测试的时候需要-->
    <!-- 扫描所有的controller 但是不扫描service,不然事务将没有作用。 --> 
    <context:component-scan base-package="com.omar" >
    	<context:include-filter type="annotation" expression="org.springframework.stereotype.Controller" />  
    	<context:include-filter type="annotation" expression="org.springframework.stereotype.Component" />  
		<context:exclude-filter type="annotation" expression="org.springframework.stereotype.Service" /> 
	</context:component-scan>
	<mvc:annotation-driven />
	
	<!-- 拦截器 -->
	<mvc:interceptors>
		<!-- 缓存 -->
		<mvc:interceptor>
			<mvc:mapping path="/admin/**" />
			<bean id="webContentInterceptor" class="org.springframework.web.servlet.mvc.WebContentInterceptor">
				<property name="cacheSeconds" value="0" />
			</bean>
		</mvc:interceptor>
	</mvc:interceptors>
	
	<!-- 启动Spring MVC的注解功能，完成请求和注解POJO的映射   请求映射-->
    <bean class="org.springframework.web.servlet.mvc.annotation.AnnotationMethodHandlerAdapter" />  
    
	<!-- 定义一个视图解析器 -->  
    <bean id="viewResolver" class="org.springframework.web.servlet.view.InternalResourceViewResolver">  
        <property name="contentType" value="text/html; charset=UTF-8" />
        <property name="prefix" value="/WEB-INF/page/"/>
	    <property name="suffix" value=".jsp"/>
	</bean>
	
	<!-- 允许最大上传 3M -->
	<bean id="multipartResolver" class="org.springframework.web.multipart.commons.CommonsMultipartResolver">
      	<property name="maxUploadSize" value="3145728" />
      	<property name="defaultEncoding" value="UTF-8" />
	</bean>
	
	<!-- DWR 配置 -->
	<dwr:configuration />
	<dwr:annotation-config id="dwr"/>
	<dwr:annotation-scan base-package="com.omar" scanDataTransferObject="true" scanRemoteProxy="true"/>
   <bean class="org.springframework.web.servlet.handler.SimpleUrlHandlerMapping">
     <property name="alwaysUseFullPath" value="true"/>
     <property name="mappings">
     <props>
       <prop key="/dwr/**/*">dwrController</prop>
     </props>
     </property>
   </bean>  
   	<dwr:controller id="dwrController" debug="true">
		<dwr:config-param name="allowScriptTagRemoting" value="true" />
		<dwr:config-param name="activeReverseAjaxEnabled" value="true" />
		<dwr:config-param name="classes" value="java.lang.Object" />
		<!-- 不允许跨域请求 -->
		<dwr:config-param name="crossDomainSessionSecurity" value="false" />
		<!-- 通知DWR 在应用程序启动时初始化 ReverseAjaxTracker -->
		<dwr:config-param name="initApplicationScopeCreatorsAtStartup" value="true" />
		<dwr:config-param name="org.directwebremoting.extend.ScriptSessionManager" value="com.omar.util.pushmsg.ScriptSessionManager" />
	</dwr:controller>
   <dwr:annotation-scan base-package="com.omar" scanDataTransferObject="false" scanRemoteProxy="true"/>
</beans>